"Total Outstanding","Ҳамагӣ қарзӣ"
"Total Unallocated","Ҳамагӣ тақсимнашуда"
"Acknowledge the error to resume scanning","Хатогиро тасдиқ кунед, то сканеркуниро давом диҳед"
"Acknowledge the error to resume scanning.","Хатогиро тасдиқ кунед, то сканеркуниро давом диҳед."
"Across","Тавассути / Дар"
"Add New Address","Иловаи суроғаи нав"
"Additional Discount %","Тахфифи иловагӣ %"
"Address not found","Суроға ёфт нашуд"
"Adjust the quantity or enable negative stock to continue.","Миқдорро танзим кунед ё бақияи манфиро иҷозат диҳед, то давом диҳед."
"After returns","Пас аз баргардонидан"
"All Caught Up!","Ҳамааш тайёр!"
"All Synchronized","Ҳамааш ҳамоҳанг шуд"
"All invoices are synchronized","Ҳамаи ҳисобномаҳо ҳамоҳанг шудаанд"
"All pending invoices are up to date","Ҳамаи ҳисобномаҳои интизорӣ муосиранд"
"Allocated {0} across {1} payment(s).","{0} дар байни {1} пардохт(ҳо) тақсим карда шуд."
"Allocation amount for payment {0} exceeds outstanding invoices","Маблағи тақсимшуда барои пардохти {0} аз ҳисобномаҳои қарзӣ зиёд аст"
"Allow Change Posting Date","Иҷозати тағйири санаи гузарониш"
"Allow Create Sales Order","Иҷозати сохтани фармоиши фурӯш"
"Allow Credit Sale","Иҷозати фурӯши қарзӣ"
"Allow Customer Purchase Order","Иҷозати фармоиши хариди муштарӣ"
"Allow Duplicate Customer Names","Иҷозати номҳои такрории муштариён"
"Allow Free Batch Return","Иҷозати баргардонидани озоди партия"
"Allow Make New Payments","Иҷозати сохтани пардохтҳои нав"
"Allow Mpesa Reconcile Payments","Иҷозати муқоисаи пардохтҳои Mpesa"
"Allow Multi Currency in POS","Иҷозати бисёрвалютӣ дар POS"
"Allow Partial Payment","Иҷозати пардохти қисмӣ"
"Allow Print Draft Invoices","Иҷозати чопи ҳисобномаҳои сиёҳнавис"
"Allow Print Last Invoice","Иҷозати чопи ҳисобномаи охирин"
"Allow Reconcile Payments","Иҷозати муқоисаи пардохтҳо"
"Allow Return","Иҷозати баргардонидан"
"Allow Return Without Invoice","Иҷозати баргардонидан бидуни ҳисобнома"
"Allow Select Sales Order","Иҷозати интихоби фармоиши фурӯш"
"Allow Submissions in background job","Иҷозати фиристодан дар замина"
"Allow User to Edit Item Discount","Иҷозати таҳрири тахфифи мол"
"Allow Write Off Change","Иҷозати азҳисоббарии бақия"
"Allow Zero Rated Items","Иҷозати молҳои дорои меъёри сифрӣ"
"Allow add New Items on New Line","Иҷозати иловаи молҳои нав дар сатри нав"
"Allow user to edit Additional Discount","Иҷозати таҳрири тахфифи иловагӣ"
"Allow user to edit Rate","Иҷозати таҳрири нарх"
"Always fetch items from server (ignore local cache)","Ҳамеша молҳоро аз сервер гиред (кеши маҳаллиро сарфи назар кунед)"
"An unexpected error occurred. Please check the console for details.","Хатои ғайричашмдошт рух дод. Барои тафсилот консолро санҷед."
"App information","Маълумоти барнома"
"Apply Customer Discount","Татбиқи тахфифи муштарӣ"
"Apply For","Татбиқ барои"
"Apply For POS Profiles","Татбиқ барои профилҳои POS"
"Apply Offer","Татбиқи пешниҳод"
"Apply Offers","Татбиқи пешниҳодҳо"
"Apply Type","Намуди татбиқ"
"Apps","Барномаҳо"
"Are you sure you want to close? All entered data will be lost.","Оё боварӣ доред, ки мехоҳед бандед? Ҳамаи маълумоти воридшуда гум мешавад."
"Auto Apply","Татбиқи худкор"
"Auto Create Referral For New Customers","Сохтани худкори реферал барои муштариёни нав"
"Auto Delete Draft Invoice","Несткунии худкори ҳисобномаи сиёҳнавис"
"Auto Fetch Coupon Gifts","Гирифтани худкори туҳфаҳои купонӣ"
"Auto Reconcile","Муқоисаи худкор"
"Auto Set Batch","Татбиқи худкори партия"
"Auto Set Delivery Charges","Татбиқи худкори хароҷоти интиқол"
"Auto reconciliation completed. Allocated: {0}{1}. Remaining outstanding: {0}{2}.","Муқоисаи худкор анҷом ёфт. Тақсим шуд: {0}{1}. Қарзи боқимонда: {0}{2}."
"Auto reconciliation is unavailable while offline.","Муқоисаи худкор дар ҳолати офлайн дастнорас аст."
"Available Credit","Қарзи дастрас"
"Available QTY","Миқдори дастрас"
"Average Ticket","Чиптаи миёна"
"Awesome","Олиҷаноб"
"Back","Бозгашт"
"Background Submission Failed","Фиристодан дар замина ноком шуд"
"Background processing failed for Invoice {0}: {1}","Коркард дар замина барои ҳисобномаи {0} ноком шуд: {1}"
"Background sync interval (seconds)","Фосилаи ҳамоҳангсозӣ дар замина (сония)"
"Balance will be updated when connection is restored","Бақия ҳангоми барқарор шудани пайвастшавӣ нав мешавад"
"Barcode Structure","Сохтори штрих-код"
"Basic Information","Маълумоти асосӣ"
"Batch Information","Маълумоти партия"
"Batch No Expiry Date","Санаи интиҳои истифодаи партия"
"Batch No. Available QTY","Миқдори дастраси партия"
"Before returns","Пеш аз баргардонидан"
"Bill Ref Number","Рақами санад"
"Birthday","Зодрӯз"
"Birthday (DD-MM-YYYY)","Зодрӯз (РР-ММ-СССС)"
"Build Time:","Вақти сохт:"
"Built with Frappe","Бо Frappe сохта шудааст"
"Bundle","Маҷмӯъ"
"Business Short Code","Рамзи кӯтоҳи тиҷорат"
"Business Shortcode","Рамзи кӯтоҳи тиҷорат"
"Cache Usage","Истифодаи кеш"
"Cache cleared successfully","Кеш бомуваффақият тоза карда шуд"
"Cache the values for n minutes","Кешидани қиматҳо барои n дақиқа"
"Calculating...","Ҳисобкунӣ..."
"Camera Access Required","Дастрасӣ ба камера лозим аст"
"Camera Scan Type","Намуди сканеркунии камера"
"Camera access was aborted. Please try again.","Дастрасӣ ба камера қатъ шуд. Лутфан бори дигар кӯшиш кунед."
"Camera constraints not supported by your device. Trying fallback settings...","Маҳдудиятҳои камера аз ҷониби дастгоҳ дастгирӣ намешаванд. Танзимоти эҳтиётӣ истифода мешаванд..."
"Camera permission denied. Please allow camera access in your browser settings and refresh the page.","Иҷозати камера рад шуд. Лутфан дар танзимоти браузер иҷозат диҳед ва саҳифаро нав кунед."
"Cancel Payment","Бекоркунии пардохт"
"Cancel Sale","Бекоркунии фурӯш"
"Cancel Sale ?","Фурӯш бекор карда шавад?"
"Cannot Save Offline Invoice:","Cannot Save Offline Invoice:"
"Cannot Save Offline Payment:","Cannot Save Offline Payment:"
"Cannot add an item with zero or negative quantity.","Молро бо миқдори сифр ё манфӣ илова кардан мумкин нест."
"Cannot clear cache while offline","Кеш дар ҳолати офлайн тоза карда намешавад"
"Cannot reload items while offline. Please connect to the internet.","Дар ҳолати офлайн молҳоро нав кардан мумкин нест. Лутфан ба интернет пайваст шавед."
"Cash Drawer Snapshot","Ҳолати қуттии пул"
"Cash Mode of Payment","Пардохти нақдӣ"
"Cash back to customers","Бозгашти нақд ба муштариён"
"Cashback?","Кешбек?"
"Change Language","Ивази забон"
"Change Price","Ивази нарх"
"Change Returned","Бақия баргардонида шуд"
"Change interface language","Ивази забони интерфейс"
"Charges not found","Хароҷот ёфт нашуд"
"Check cache and performance","Санҷиши кеш ва маҳсулнокӣ"
"Choose your preferred language for the POS interface","Забони дилхоҳаро барои интерфейси POS интихоб кунед"
"Clear All","Тозакунии ҳама"
"Clear Cache","Тозакунии кеш"
"Clear Search","Тозакунии ҷустуҷӯ"
"Clearing local cache...","Тозакунии кеши маҳаллӣ..."
"Click to refresh","Барои навсозӣ пахш кунед"
"Close Dialog","Бастани муколама"
"Close Scanner","Бастани сканер"
"Close Settings","Бастани танзимот"
"Close Shift","Бастани баст"
"Closing POS Shift","Бастани басти POS"
"Code scanned successfully","Код бомуваффақият сканер шуд"
"Company is required","Ширкат ҳатмист"
"Confirm Close","Тасдиқи бастан"
"Confirm Mobile Number","Тасдиқи рақами мобилӣ"
"Connecting","Пайвастшавӣ"
"Context is required","Контекст ҳатмист"
"Continue Editing","Давоми таҳрир"
"Cost Center is not set in pos profile {}","Маркази хароҷот дар профили POS {} таъин нашудааст"
"Could not determine company currency. Please check Company and POS Profile settings.","Асъори ширкатро муайян кардан нашуд. Санҷед."
"Could not fetch latest balance from server","Бақияро аз сервер гирифта нашуд"
"Coupon","Купон"
"Coupon Based","Дар асоси купон"
"Coupons","Купонҳо"
"Create Only Sales Order","Танҳо фармоиши фурӯш созед"
"Create POS Invoice instead of Sales Invoice","Ҳисобномаи POS ба ҷои ҳисобнома-фактура созед"
"Create POS Opening Shift","Ифтитоҳи басти POS"
"Credit Change","Бақияи қарзӣ"
"Credit Note {0} has no remaining balance to allocate.","Кредит-нотаи {0} бақия барои тақсим надорад."
"Credit Outstanding","Қарзи кредити боқимонда"
"Credit Return?","Бозгашти кредитӣ?"
"Credit Sale?","Фурӯши қарзӣ?"
"Credit note {0} is already fully allocated","Кредит-нотаи {0} аллакай пурра тақсим шудааст"
"Credit note {0} still has an unapplied balance of {1}","Кредит-нотаи {0} то ҳол бақияи тақсимнашудаи {1} дорад"
"Credit sales remaining to be collected","Фурӯшҳои қарзӣ барои ҷамъоварӣ боқӣ мондаанд"
"Currency Configuration Error","Хатои танзимоти асъор"
"Currency is not correct, party account currency is {party_account_currency} and transaction currency is {currency}","Асъор нодуруст аст, асъори суратҳисоб {party_account_currency} ва асъори муомила {currency} мебошад"
"Currency is required","Асъор ҳатмист"
"Current User","Корбари ҷорӣ"
"Custom Due Days","Рӯзҳои пардохти фармоишӣ"
"Custom items per page","Миқдори молҳо дар саҳифа"
"Customer Balance","Баланси муштарӣ"
"Customer Name is required","Номи муштарӣ ҳатмист"
"Customer already exists","Муштарӣ аллакай вуҷуд дорад"
"Customer already selected","Муштарӣ аллакай интихоб шудааст"
"Customer balance unavailable offline","Баланси муштарӣ дар ҳолати офлайн дастнорас аст"
"Customer created successfully.","Муштарӣ бомуваффақият сохта шуд."
"Customer creation failed.","Сохтани муштарӣ ноком шуд."
"Customer group is required","Гурӯҳи муштариён ҳатмист"
"Customer saved offline","Муштарӣ дар ҳолати офлайн захира шуд"
"Customer territory is required","Ҳудуди муштарӣ ҳатмист"
"Customer updated successfully.","Муштарӣ бомуваффақият нав карда шуд."
"Customers not found","Муштариён ёфт нашуданд"
"Dark Mode","Ҳолати торик"
"Days until due","Рӯзҳо то пардохт"
"Decimal Precision","Дақиқии даҳӣ"
"Decrease quantity","Кам кардани миқдор"
"Default Card View","Намуди кортӣ"
"Default Loyalty Program","Барномаи вафодории пешфарз"
"Default Rate","Нархи пешфарз"
"Default Rate is required","Нархи пешфарз ҳатмист"
"Default Sales Order","Фармоиши фурӯши пешфарз"
"Default number of days after posting date when returns stay valid for this profile.","Миқдори рӯзҳо пас аз санаи гузарониш, ки баргардонидан эътибор дорад."
"Delete Invoice","Ҳисобномаро нест кунед"
"Delivery Charges","Хароҷоти интиқол"
"Delivery Charges POS Profile","Хароҷоти интиқоли профили POS"
"Delivery Charges Rate","Нархи хароҷоти интиқол"
"Delivery Information","Маълумоти интиқол"
"Detecting formats:","Муайянкунии форматҳо:"
"Difference (In Company Currency)","Фарқият (бо асъори ширкат)"
"Difference:","Фарқият:"
"Disable offline mode","Хомӯш кардани ҳолати офлайн"
"Discount %","Тахфифи %"
"Discount limited by POS Profile","Тахфиф бо профили POS маҳдуд аст"
"Display Additional Notes","Намоиши қайдҳои иловагӣ"
"Display Authorization Code","Намоиши рамзи иҷозат"
"Display Discount %","Намоиши тахфифи %"
"Display Discount Amount","Намоиши маблағи тахфиф"
"Display Item Code","Намоиши рамзи мол"
"Edit discount amount","Таҳрири маблағи тахфиф"
"Edit discount percentage","Таҳрири фоизи тахфиф"
"Edit item name","Таҳрири номи мол"
"Edit quantity","Таҳрири миқдор"
"Edit rate","Таҳрири нарх"
"Edited","Таҳрир шуд"
"Enable Camera Scanning","Фаъолсозии сканер бо камера"
"Enable Return Validity","Фаъолсозии эътибори баргардонидан"
"Enable background sync","Фаъолсозии ҳамоҳангсозӣ дар замина"
"Enable camera-based barcode and QR code scanning for mobile devices","Фаъолсозии сканеркунии штрих-код ва QR-код бо камера"
"Enable return validity date enforcement for POS returns.","Фаъолсозии назорати санаи баргардонидан барои POS."
"Enable return validity enforcement for this POS Profile.","Фаъолсозии назорати баргардонидан барои ин профили POS."
"End current session","Анҷоми ҷаласаи ҷорӣ"
"Error Loading Data","Хатои боркунии маълумот"
"Error accessing camera:","Хатои дастрасӣ ба камера:"
"Error adding offer to items","Хатои иловаи пешниҳод ба молҳо"
"Error calculating prices","Хатои ҳисобкунии нархҳо"
"Error deleting offer from items","Хатои несткунии пешниҳод аз молҳо"
"Error fetching customer balance","Хатои гирифтани баланси муштарӣ"
"Error loading currencies","Хатои боркунии асъор"
"Error processing payment","Хатои коркарди пардохт"
"Error removing price offer","Хатои несткунии пешниҳоди нарх"
"Error searching invoices","Хатои ҷустуҷӯи ҳисобномаҳо"
"Error submitting invoice:","Error submitting invoice:"
"Error submitting invoice: No response from server","Хатои фиристодан: сервер ҷавоб намедиҳад"
"Error submitting invoice: {0}","Хатои фиристодани ҳисобнома: {0}"
"Error updating item details","Хатои навсозии тафсилоти мол"
"Every","Ҳар як"
"Expected Amount (In Company Currency)","Маблағи интизорӣ (бо асъори ширкат)"
"Expected Cash","Пули нақди интизорӣ"
"Expected cash on hand grouped by currency","Пули нақди дар даст буда аз рӯи асъор"
"Failed to apply offers","Татбиқи пешниҳодҳо ноком шуд"
"Failed to auto reconcile payments.","Муқоисаи худкори пардохтҳо ноком шуд."
"Failed to clear cache","Тозакунии кеш ноком шуд"
"Failed to load items. Please try again.","Боркунии молҳо ноком шуд. Лутфан бори дигар кӯшиш кунед."
"Failed to reconcile Credit Note {0}: {1}","Муқоисаи кредит-нотаи {0} ноком шуд: {1}"
"Failed to reconcile Payment Entry {0}: {1}","Муқоисаи сабти пардохти {0} ноком шуд: {1}"
"Failed to reload invoice from server","Навсозии ҳисобнома аз сервер ноком шуд"
"Failed to reload items","Навсозии молҳо ноком шуд"
"Fetch Items Directly from Server","Гирифтани молҳо мустақиман аз сервер"
"Final Customer Offer","Пешниҳоди ниҳоии муштарӣ"
"Fixing payment amounts for return invoice...","Танзими маблағи пардохт барои ҳисобномаи баргардонидашуда..."
"Flash Off","Флеш хомӯш"
"Flash On","Флеш фаъол"
"For 'Product Bundle' items, Warehouse, Serial No and Batch No will be considered from the 'Packing List' table. If Warehouse and Batch No are same for all packing items for any 'Product Bundle' item, those values can be entered in the main Item table; values will be copied to 'Packing List' table.","For 'Product Bundle' items, Warehouse, Serial No and Batch No will be considered from the 'Packing List' table. If Warehouse and Batch No are same for all packing items for any 'Product Bundle' item, those values can be entered in the main Item table; values will be copied to 'Packing List' table."
"For POS Closing Shift Payment Reconciliation","Барои муқоисаи пардохтҳо ҳангоми бастани басти POS"
"Frappe School","Мактаби Frappe"
"Frappe Support","Дастгирии Frappe"
"Free","Ройгон"
"Free Qty","Миқдори ройгон"
"Get Payments","Пардохтҳоро гиред"
"Give Item","Мол диҳед"
"Give Item Row ID","ID-и сатри мол"
"Give Product","Маҳсулот диҳед"
"Given Quantity","Миқдори додашуда"
"Go Offline","Гузаштан ба ҳолати офлайн"
"Go Online","Гузаштан ба ҳолати онлайн"
"Go to Frappe Desk","Гузаштан ба Frappe Desk"
"Gross Sales","Фурӯши умумӣ"
"Group not found","Гурӯҳ ёфт нашуд"
"Grouped totals for each payment method and currency","Ҷамъбасти гурӯҳии усулҳои пардохт ва асъор"
"Hide Close Shift","Пинҳон кардани бастани баст"
"Hide Expected Amount","Пинҳон кардани маблағи интизорӣ"
"Hide Non Essential Fields","Пинҳон кардани майдонҳои ғайризарурӣ"
"Hide Variants Items","Пинҳон кардани вариантҳои мол"
"Hide quantity decimals","Пинҳон кардани даҳиҳои миқдор"
"Hide zero rated items","Пинҳон кардани молҳои дорои меъёри сифрӣ"
"In stock: {0}","Дар анбор: {0}"
"Increase quantity","Зиёд кардани миқдор"
"IndexedDB","IndexedDB"
"Initialize your shift with opening balances","Басти худро бо бақияи аввала оғоз кунед"
"Initializing application...","Оғози барнома..."
"Invalid POS Opening Shift data provided.","Маълумоти нодурусти ифтитоҳи басти POS ворид шуд."
"Invalid closing amount","Маблағи нодурусти бастани баст"
"Invoice Amount","Маблағи ҳисобнома"
"Invoice Change","Бақияи ҳисобнома"
"Invoice Currency","Асъори ҳисобнома"
"Invoice ID","ID-и ҳисобнома"
"Invoice Submission Failed","Фиристодани ҳисобнома ноком шуд"
"Invoice is still in draft after background submission.","Ҳисобнома пас аз фиристодан дар замина то ҳол дар ҳолати сиёҳнавис аст."
"Invoice saved offline","Ҳисобнома дар ҳолати офлайн захира шуд"
"Invoice submission failed","Фиристодани ҳисобнома ноком шуд"
"Invoice {0} Deleted","Ҳисобномаи {0} нест карда шуд"
"Invoice {0} does not exist","Ҳисобномаи {0} вуҷуд надорад"
"Invoice {0} is Submitted","Ҳисобномаи {0} фиристода шуд"
"Invoice {0} submission failed","Фиристодани ҳисобномаи {0} ноком шуд"
"Invoices saved as POS Invoices","Ҳисобномаҳо ҳамчун ҳисобномаҳои POS захира шудаанд"
"Is Offer","Пешниҳод аст"
"Is Offer Replace For item Row ID","Пешниҳоди ҷойгузин барои ID-и сатри мол"
"Item Code and Price List are required","Рамзи мол ва рӯйхати нархҳо ҳатмист"
"Item Price has been added or updated","Нархи мол илова ё нав шуд"
"Item Rate Should Less Then","Нархи мол бояд камтар бошад аз"
"Item Selector Settings","Танзимоти интихоби мол"
"Item code digits","Рақамҳои рамзи мол"
"Item code starting position","Мавқеи оғози рамзи мол"
"Item is out of stock","Мол дар анбор нест"
"Item not found","Мол ёфт нашуд"
"Item order updated","Тартиби молҳо нав шуд"
"Item price updated","Нархи мол нав шуд"
"Item {0} added to invoice","Моли {0} ба ҳисобнома илова шуд"
"Items Discounts","Тахфифҳои мол"
"Items Group","Гурӯҳи молҳо"
"Items added to invoice","Молҳо ба ҳисобнома илова шуданд"
"Items per page","Миқдори молҳо дар саҳифа"
"Items reloaded from server","Молҳо аз сервер нав карда шуданд"
"Language for POS Awesome interface","Забон барои интерфейси POS Awesome"
"Language will be changed to","Забон иваз мешавад ба"
"Last sync:","Ҳамоҳангсозии охирин:"
"Later","Баъдтар"
"Light Mode","Ҳолати рӯшан"
"Limited","Маҳдуд"
"Load Drafts","Боркунии сиёҳнависҳо"
"Load More Invoices","Боркунии ҳисобномаҳои бештар"
"Load Sales Invoice","Боркунии ҳисобнома-фактура"
"Load previously saved invoices","Боркунии ҳисобномаҳои қаблан захирашуда"
"Loading app data...","Боркунии маълумоти барнома..."
"Loading customer data...","Боркунии маълумоти муштарӣ..."
"Loading customer database...","Боркунии пойгоҳи додаҳои муштариён..."
"Loading details...","Боркунии тафсилот..."
"Loading product catalog...","Боркунии каталоги маҳсулот..."
"Log out","Баромадан"
"Loyalty Point","Холи вафодорӣ"
"Loyalty Point Offer Applied","Пешниҳоди холҳои вафодорӣ татбиқ шуд"
"Loyalty Point Scheme","Нақшаи холҳои вафодорӣ"
"MSISDN","MSISDN"
"Manage and synchronize your offline transactions","Муомилоти офлайнии худро идора ва ҳамоҳанг кунед"
"Max Discount Percentage Allowed","Max Discount Percentage Allowed"
"Max Quantity","Миқдори ҳадди аксар"
"Maximum Amount","Маблағи ҳадди аксар"
"Maximum available quantity is {0}. Quantity adjusted to match stock.","Миқдори ҳадди аксар {0} аст. Миқдор мувофиқи анбор танзим шуд."
"Min Quantity","Миқдори ҳадди ақал"
"Minimum Amount","Маблағи ҳадди ақал"
"Mobile NO","Рақами мобилӣ"
"Mode","Ҳолат"
"Mode of Payment is required","Усули пардохт ҳатмист"
"Mpesa C2B Register URL","URL-и бақайдгирии Mpesa C2B"
"Mpesa Payment Register","Феҳристи пардохти Mpesa"
"Multiple Items Found","Якчанд мол ёфт шуд"
"Negative values not allowed","Қиматҳои манфӣ иҷозат дода намешаванд"
"Net Sales","Фурӯши соф"
"Never","Ҳеҷ гоҳ"
"New Offer Available","Пешниҳоди нав дастрас аст"
"New Price List Rate","Нархи нави рӯйхати нархҳо"
"New version ready","Нусхаи нав омода аст"
"Next unit of measure","Воҳиди ченкунии навбатӣ"
"No Print Formats Found","Ягон формати чоп ёфт нашуд"
"No allocation made for credit note {0}","Барои кредит-нотаи {0} тақсимот анҷом дода нашудааст"
"No allocation made for payment {0}","Барои пардохти {0} тақсимот анҷом дода нашудааст"
"No allocation was recorded for Credit Note {0}.","Барои кредит-нотаи {0} ягон тақсимот сабт нашудааст."
"No allocation was recorded for Payment Entry {0}.","Барои сабти пардохти {0} ягон тақсимот сабт нашудааст."
"No allocations were made.","Ягон тақсимот анҷом дода нашудааст."
"No batches available in {0} for {1}.","Дар {0} барои {1} ягон партия дастрас нест."
"No camera found on this device. Please ensure your device has a working camera.","Дар ин дастгоҳ ягон камера ёфт нашуд."
"No cash expected for this shift.","Дар ин баст пули нақд интизор нест."
"No cash mode configured","Усули нақдӣ танзим нашудааст"
"No change returned recorded for this shift.","Дар ин баст бақияи баргардонидашуда сабт нашудааст."
"No invoices found","Ҳисобномаҳо ёфт нашуданд"
"No invoices found. Try different search criteria.","Ҳисобномаҳо ёфт нашуданд. Дигар меъёрҳоро санҷед."
"No invoices recorded for this shift.","Дар ин баст ягон ҳисобнома сабт нашудааст."
"No items found","Молҳо ёфт нашуданд"
"No items in cart","Дар сабад ягон мол нест"
"No notifications yet","То ҳол ягон огоҳинома нест"
"No offline invoices pending synchronization","Ягон ҳисобномаи офлайн барои ҳамоҳангсозӣ нест"
"No outstanding credit invoices for this shift.","Дар ин баст ягон ҳисобномаи қарзии мӯҳлаташ гузашта нест."
"No outstanding invoices available for allocation of credit note {0}","Барои тақсими кредит-нотаи {0} ҳисобномаҳои қарзӣ дастрас нестанд"
"No outstanding invoices available for allocation of payment {0}","Барои тақсими пардохти {0} ҳисобномаҳои қарзӣ дастрас нестанд"
"No outstanding invoices were available to reconcile Credit Note {0}.","Барои муқоисаи кредит-нотаи {0} ҳисобномаҳои қарзӣ мавҷуд набуданд."
"No outstanding invoices were available to reconcile Payment Entry {0}.","Барои муқоисаи сабти пардохти {0} ҳисобномаҳои қарзӣ мавҷуд набуданд."
"No outstanding invoices were found for {0}.","Барои {0} ягон ҳисобномаи қарзӣ ёфт нашуд."
"No payments registered for this shift.","Дар ин баст ягон пардохт сабт нашудааст."
"No pending offline invoices","Ягон ҳисобномаи офлайнии интизорӣ нест"
"No response from server","Сервер ҷавоб намедиҳад"
"No returns were processed in this shift.","Дар ин баст ягон баргардонидан коркард нашудааст."
"No unallocated payments are available for reconciliation.","Пардохтҳои тақсимнашуда барои муқоиса дастрас нестанд."
"No unallocated payments were available for reconciliation.","Пардохтҳои тақсимнашуда барои муқоиса мавҷуд набуданд."
"No valid batches available in {0} for {1}.","Дар {0} барои {1} ягон партияи эътиборнок дастрас нест."
"No.","№"
"Nobile Number","Рақами мобилӣ"
"Number of characters to skip when a prefix is present.","Миқдори аломатҳо барои гузаштан ҳангоми мавҷуд будани префикс."
"Number of decimal places encoded for the price.","Миқдори рақамҳои даҳии барои нарх рамзгузоришуда."
"Number of decimal places encoded for the weight.","Миқдори рақамҳои даҳии барои вазн рамзгузоришуда."
"Number of digits representing the price before decimal places.","Миқдори рақамҳои нарх то нуқтаи даҳӣ."
"Number of digits representing the weight before decimal places.","Миқдори рақамҳои вазн то нуқтаи даҳӣ."
"OK","ОК"
"Offer","Пешниҳод"
"Offer Applied","Пешниҳод татбиқ шуд"
"Offer Name","Номи пешниҳод"
"Offer item unavailable","Моли пешниҳодӣ дастнорас аст"
"Offer?","Пешниҳод?"
"Offers","Пешниҳодҳо"
"Offers applied and invoice refreshed","Пешниҳодҳо татбиқ шуданд ва ҳисобнома нав шуд"
"Offline Invoices","Ҳисобномаҳои офлайн"
"Offline invoices status","Ҳолати ҳисобномаҳои офлайн"
"Offline invoices synced","Ҳисобномаҳои офлайн ҳамоҳанг шуданд"
"Only One Use Per Customer","Танҳо як маротиба барои як муштарӣ"
"Open invoices","Ҳисобномаҳои кушода"
"OpenCV Off","OpenCV хомӯш"
"OpenCV On","OpenCV фаъол"
"OpenCV image processing enabled - Enhanced barcode detection","Коркарди тасвири OpenCV фаъол - муайянкунии беҳтари штрих-код"
"OpenCV processing disabled","Коркарди OpenCV хомӯш карда шуд"
"Optional default number of days after posting date when returns remain valid.","Рӯзҳои иловагӣ барои эътибори баргардонидан."
"Optional prefix value that all scale barcodes start with.","Қимати префикси иловагӣ барои ҳамаи штрих-кодҳои тарозу."
"Order ID","ID-и фармоиш"
"Org Account Balance","Баланси суратҳисоби орг."
"Outstanding Credit by Currency","Қарзи кредитии боқимонда аз рӯи асъор"
"Overpayment Change","Бақияи зиёдатӣ"
"Overpayment change deducted: {0}","Бақияи зиёдатӣ тарҳ шуд: {0}"
"PAY","ПАРДОХТ"
"POS Awesome","POS Awesome"
"POS Awesome Advance Settings","Танзимоти пешрафтаи POS Awesome"
"POS Awesome Payments","Пардохтҳои POS Awesome"
"POS Awesome Payments is not enabled for this POS Profile","Пардохтҳои POS Awesome барои ин профил фаъол нестанд"
"POS Awesome Print Format Rule","Қоидаи формати чопи POS Awesome"
"POS Awesome Settings","Танзимоти POS Awesome"
"POS Awesome credit redemption for Sales Invoice {0}","Погаш кардани кредити POS Awesome барои ҳисобномаи {0}"
"POS Closing Shift","Бастани басти POS"
"POS Closing Shift Detail","Тафсилоти бастани басти POS"
"POS Closing Shift Taxes","Андозҳои бастани басти POS"
"POS Closing Shift {} against {} between selected period","Бастани басти POS {} нисбат ба {} дар давраи интихобшуда"
"POS Coupon","Купони POS"
"POS Coupon Detail","Тафсилоти купони POS"
"POS Coupons Detail","Тафсилоти купонҳои POS"
"POS Language","Забони POS"
"POS Offer","Пешниҳоди POS"
"POS Offer Detail","Тафсилоти пешниҳоди POS"
"POS Offer is disable.","Пешниҳоди POS ғайрифаъол аст."
"POS Offers","Пешниҳодҳои POS"
"POS Offers Detail","Тафсилоти пешниҳодҳои POS"
"POS Opening Shift","Ифтитоҳи басти POS"
"POS Opening Shift Detail","Тафсилоти ифтитоҳи басти POS"
"POS Opening Shift is required","Ифтитоҳи басти POS ҳатмист"
"POS Opening Shift is required to compute the overview.","Ифтитоҳи басти POS барои ҳисоб кардани шарҳ лозим аст."
"POS Opening Shift {0} is not for the same POS Profile","Ифтитоҳи басти {0} барои ин профили POS нест"
"POS Opening Shift {0} is not for the same company","Ифтитоҳи басти {0} барои ин ширкат нест"
"POS Payment Entry Reference","Истинод ба сабти пардохти POS"
"POS Payments","Пардохтҳои POS"
"POS Profile is required","Профили POS ҳатмист"
"POS Profiles","Профилҳои POS"
"POS Shift","Басти POS"
"POS Shift {0} is not open","Басти {0} кушода нест"
"POS lock is not available yet","Қулфи POS ҳоло дастнорас аст"
"POS profile data is missing or invalid.","Маълумоти профили POS мавҷуд нест ё нодуруст аст."
"POSA Sales Person Filter","Филтри фурӯшандагони POSA"
"POSAwesome","POSAwesome"
"Paid Change","Бақияи пардохтшуда"
"Payment Entry is already created or payment account is not matched","Сабти пардохт аллакай сохта шудааст ё суратҳисоби пардохт мувофиқ нест"
"Payment Entry {0} has no unallocated amount remaining.","Сабти пардохти {0} маблағи тақсимнашуда надорад."
"Payment Gateway Account not found","Суратҳисоби шлюзи пардохт ёфт нашуд"
"Payment Request took too long to respond. Please try requesting for payment again","Дархости пардохт хеле тӯл кашид. Лутфан бори дигар кӯшиш кунед"
"Payment name not found. Cannot open print view.","Номи пардохт ёфт нашуд. Намуди чопро кушода намешавад."
"Payment of {0} received successfully.","Пардохти {0} бомуваффақият гирифта шуд."
"Payment request status could not be retrieved. Please try again","Ҳолати дархости пардохтро гирифта нашуд. Лутфан бори дигар кӯшиш кунед"
"Payment saved offline","Пардохт дар ҳолати офлайн захира шуд"
"Payment submitted but print function could not be executed. Payment name not found.","Пардохт фиристода шуд, аммо чоп нашуд. Номи пардохт ёфт нашуд."
"Payment {0} is already fully allocated","Пардохти {0} аллакай пурра тақсим шудааст"
"Payments are not open. Do you want to open payments and submit?","Пардохтҳо кушода нестанд. Оё мехоҳед кушоед ва фиристед?"
"Payments by Mode of Payment","Пардохтҳо аз рӯи усули пардохт"
"Pending Invoices","Ҳисобномаҳои интизорӣ"
"Pending Sync","Интизори ҳамоҳангсозӣ"
"Pending count updated from {0} to {1}","Миқдори интизорӣ аз {0} ба {1} нав шуд"
"Pending: {0}","Интизорӣ: {0}"
"Pending: {0} | Synced: {1} | Draft: {2}","Интизорӣ: {0} | Ҳамоҳанг шуд: {1} | Сиёҳнавис: {2}"
"Please allow camera access to scan codes","Лутфан дастрасӣ ба камераро барои сканеркунии кодҳо иҷозат диҳед"
"Please configure a POS Profile first","Лутфан аввал профили POS-ро танзим кунед"
"Please make a payment or select an payment","Лутфан пардохт кунед ё пардохтро интихоб кунед"
"Please request phone payment or use another payment method","Лутфан пардохти телефониро дархост кунед ё дигар усули пардохтро истифода баред"
"Please select Coupon Code Based POS Offer.","Лутфан пешниҳоди POS дар асоси коди купонро интихоб кунед."
"Please select a customer","Лутфан муштариро интихоб кунед"
"Please select a customer before reconciling.","Лутфан пеш аз муқоиса муштариро интихоб кунед."
"Please select a customer first","Лутфан аввал муштариро интихоб кунед"
"Please select an invoice","Лутфан ҳисобномаро интихоб кунед"
"Please select the correct POS Offer with the same company.","Лутфан пешниҳоди дурусти POS-ро барои худи ҳамон ширкат интихоб кунед."
"Please set the customer's mobile number","Лутфан рақами мобилии муштариро таъин кунед"
"Please try again or enter the item manually.","Лутфан бори дигар кӯшиш кунед ё молро дастӣ ворид кунед."
"Please verify the barcode or check the item's availability.","Лутфан штрих-код ё мавҷудияти молро санҷед."
"Please verify the barcode or search manually.","Лутфан штрих-код ё ҷустуҷӯи дастиро санҷед."
"Posawesome","Posawesome"
"Position the QR code or barcode within the scanning area","QR-код ё штрих-кодро дар дохили минтақаи сканер ҷойгир кунед"
"Prefix included in barcode","Префикс дар штрих-код дохил карда шудааст"
"Prefix length","Дарозии префикс"
"Previous unit of measure","Воҳиди ченкунии қаблӣ"
"Price Discount Scheme","Price Discount Scheme"
"Price List is required","Рӯйхати нархҳо ҳатмист"
"Price decimals","Даҳиҳои нарх"
"Price digits","Рақамҳои нарх"
"Price included in barcode","Нарх дар штрих-код дохил карда шудааст"
"Price starting position","Мавқеи оғози нарх"
"Pricing & Discounts","Нархгузорӣ ва тахфифҳо"
"Primary Customer Offer","Пешниҳоди асосии муштарӣ"
"Print Draft","Чопи сиёҳнавис"
"Print Last Invoice","Чопи ҳисобномаи охирин"
"Printed","Чоп шуд"
"Processed returns impacting the shift totals","Баргардонидани коркардшуда, ки ба ҷамъбасти баст таъсир мерасонанд"
"Processing Payment","Коркарди пардохт"
"Profile switching is not available yet","Иваз кардани профилҳо ҳоло дастнорас аст"
"Profiles List","Рӯйхати профилҳо"
"Promo Type","Намуди промо"
"QTY","Миқдор"
"Qualified","Мувофиқат мекунад"
"Qualifying Transaction / Item","Муомила / моли мувофиқаткунанда"
"Quantity and Amount Conditions","Шартҳои миқдор ва маблағ"
"Quantity exceeds available stock","Миқдор аз анбори дастрас зиёд аст"
"Quotation {0} is Submitted","Пешниҳоди нархи {0} фиристода шуд"
"Ready!","Тайёр!"
"Recent updates about your invoices","Навсозиҳои охирин дар бораи ҳисобномаҳои шумо"
"Reconcile payment methods and close shift","Усулҳои пардохтро муқоиса кунед ва бастро бандед"
"Reconciling Payments","Муқоисаи пардохтҳо"
"Redeem Credit","Истифодаи кредит"
"Redeemed Customer Credit","Кредити муштарӣ истифода шуд"
"Referral Campaign","Маъракаи рефералӣ"
"Referral Code is required","Рамзи рефералӣ ҳатмист"
"Referral Code {0} is disabled","Рамзи рефералии {0} ғайрифаъол аст"
"Referral Code {0} is not exists","Рамзи рефералии {0} вуҷуд надорад"
"Referral Company","Ширкати рефералӣ"
"Referral Name","Номи реферал"
"Register Status","Ҳолати сабт"
"Reload Items","Бозборкунии молҳо"
"Reload Now","Ҳозир бозбор кунед"
"Remaining outstanding: {0} across {1} invoice(s).","Қарзи боқимонда: {0} дар {1} ҳисобнома(ҳо)."
"Remove Offer","Несткунии пешниҳод"
"Remove item","Несткунии мол"
"Remove local data and refresh","Несткунии маълумоти маҳаллӣ ва навсозӣ"
"Replace Cheapest Item","Ҷойгузин кардани моли арзонтарин"
"Replace Same Item","Ҷойгузин кардани ҳамон як мол"
"Reprint previous transaction","Чопи дубораи муомилоти қаблӣ"
"Request","Дархост"
"Required columns cannot be hidden","Сутунҳои зарурӣ пинҳон карда намешаванд"
"Reset item name","Барқарор кардани номи мол"
"Return Valid Until","Баргардонидан эътибор дорад то"
"Return Valid Upto","Баргардонидан эътибор дорад то"
"Return Validity Days","Рӯзҳои эътибори баргардонидан"
"Return count","Миқдори баргардонидан"
"Return items must have negative quantities","Молҳои баргардонидашаванда бояд миқдори манфӣ дошта бошад"
"Return total must be negative","Ҷамъи баргардонидан бояд манфӣ бошад"
"Return window passed","Мӯҳлати баргардонидан гузашт"
"Return without Invoice","Баргардонидан бидуни ҳисобнома"
"Returns are only allowed until {0}","Баргардонидан танҳо то {0} иҷозат дода мешавад"
"Returns by Currency","Баргардонидан аз рӯи асъор"
"Review shift totals before submitting the closing entry","Ҷамъбасти бастро пеш аз фиристодани сабти басташавӣ санҷед"
"Row ID","ID-и сатр"
"Sales Invoice Reference","Истинод ба ҳисобнома-фактура"
"Sales Order {0} is Submitted","Фармоиши фурӯши {0} фиристода шуд"
"Sales Person not found","Фурӯшанда ёфт нашуд"
"Sales processed","Фурӯшҳо коркард шуданд"
"Save & Clear","Захира ва тозакунӣ"
"Saved as draft because: {0}","Ҳамчун сиёҳнавис захира шуд, зеро: {0}"
"Scale Barcode Settings","Танзимоти штрих-коди тарозу"
"Scan Error","Хатои сканеркунӣ"
"Scan QR Code/Barcode","Сканеркунии QR-код/штрих-код"
"Scan with Camera","Сканеркунӣ бо камера"
"Scanned Code:","Коди сканершуда:"
"Scanning for: {0}","Ҷустуҷӯ барои: {0}"
"Scanning items","Сканеркунии молҳо"
"Search Items","Ҷустуҷӯи молҳо"
"Search Mpesa Payments","Ҷустуҷӯи пардохтҳои Mpesa"
"Search by Batch Number","Ҷустуҷӯ аз рӯи рақами партия"
"Search by Mobile","Ҷустуҷӯ аз рӯи рақами мобилӣ"
"Search by Name","Ҷустуҷӯ аз рӯи ном"
"Search by Serial Number","Ҷустуҷӯ аз рӯи рақами силсилавӣ"
"Search items or barcode","Ҷустуҷӯи мол ё штрих-код"
"Secure context (HTTPS) required for camera access. Please use HTTPS to access the camera.","Secure context (HTTPS) required for camera access. Please use HTTPS to access the camera."
"Select Columns to Display","Интихоби сутунҳо барои намоиш"
"Select Payment","Интихоби пардохт"
"Select Return Invoice","Интихоби ҳисобномаи баргардонидан"
"Select S.O","Интихоби ф-ши фурӯш"
"Select Sales Orders","Интихоби фармоишҳои фурӯш"
"Select a customer","Муштариро интихоб кунед"
"Select a customer to use coupon","Барои истифодаи купон муштариро интихоб кунед"
"Select items to apply offers","Барои татбиқи пешниҳодҳо молҳоро интихоб кунед"
"Select items to sell","Молҳоро барои фурӯш интихоб кунед"
"Select which types of codes to scan with camera","Кадом намуди кодҳо бо камера сканер карда шаванд"
"Selected POS Opening Shift should be open.","Ифтитоҳи басти POS-и интихобшуда бояд кушода бошад."
"Send invoice to submit after printing","Ҳисобномаро пас аз чоп барои фиристодан фиристед"
"Serial","Силсилавӣ"
"Serial No QTY","Миқдори рақами силсилавӣ"
"Server Cache Duration","Давомнокии кеши сервер"
"Setup complete!","Танзим анҷом ёфт!"
"Shift Overview","Шарҳи баст"
"Show Template Items","Намоиши молҳои шаблонӣ"
"Show last invoice rate","Намоиши нархи ҳисобномаи охирин"
"Shows the distribution of invoices per currency","Тақсимоти ҳисобномаҳо аз рӯи асъор"
"Sign out of session","Баромадан аз ҷаласа"
"Skipped Payments","Пардохтҳои гузаронидашуда"
"Sorry, this coupon code cannot be used by this company","Бубахшед, ин коди купон барои ин ширкат истифода намешавад"
"Sorry, this coupon code cannot be used by this customer","Бубахшед, ин коди купон барои ин муштарӣ истифода намешавад"
"Sorry, this coupon code not exists","Бубахшед, ин коди купон вуҷуд надорад"
"Sorry, {0} have used this coupon before","Бубахшед, {0} ин купонро қаблан истифода бурдааст"
"Starting position (1-indexed) of the item code within the barcode.","Мавқеи оғози рамзи мол дар штрих-код."
"Starting position (1-indexed) of the price segment.","Мавқеи оғози сегменти нарх."
"Starting position (1-indexed) of the weight segment.","Мавқеи оғози сегменти вазн."
"Stock Information","Маълумоти анбор"
"Stock QTY","Миқдори анбор"
"Stock is lower than requested. Proceeding may create negative stock.","Анбор аз миқдори дархостшуда кам аст. Давом додан метанад барои бақияро манфӣ кунад."
"Submit & Print","Фиристодан ва чоп кардан"
"Submit Payment","Submit Payment"
"Successfully scanned:","Бомуваффақият сканер шуд:"
"Switch Camera","Ивази камера"
"Switch theme appearance","Ивази намуди мавзӯъ"
"Switched to:","Switched to:"
"Sync All Invoices","Ҳамоҳангсозии ҳамаи ҳисобномаҳо"
"Sync Offline Invoices","Ҳамоҳангсозии ҳисобномаҳои офлайн"
"System Information","Маълумоти система"
"System Status","Ҳолати система"
"Tax Inclusive","Бо назардошти андоз"
"Tax and Charges","Андоз ва хароҷот"
"Territory not found","Ҳудуд ёфт нашуд"
"The app stores data locally for offline use. This is called cache.","Барнома маълумотро дар дастгоҳ захира мекунад. Ин кеш номида мешавад."
"The invoice stayed in draft. Please review and submit it manually.","Ҳисобнома дар сиёҳнавис монд. Лутфан онро дастӣ фиристед."
"The maximum discount allowed is","Максимуми тахфифи иҷозатдодашуда"
"The quantity for {0} has been adjusted to the maximum available stock.","Миқдори {0} то ҳадди аксари анбор танзим карда шуд."
"The system could not retrieve the item details. Please try again.","Система тафсилоти молро дастрас карда натавонист. Лутфан бори дигар кӯшиш кунед."
"There are no outstanding invoices to reconcile.","Ягон ҳисобномаи қарзӣ барои муқоиса нест."
"These invoices will be synced when connection is restored","Ин ҳисобномаҳо ҳангоми барқарор шудани пайвастшавӣ ҳамоҳанг мешаванд"
"Third Party Trans ID","ID-и транзаксияи тарафи сеюм"
"This Referral Code {0} not exists","Ин рамзи рефералии {0} вуҷуд надорад"
"This Serial Number {0} has already been added!","Ин рақами силсилавии {0} аллакай илова шудааст!"
"This barcode could not be matched to any item.","Ин штрих-код ба ягон мол мувофиқат намекунад."
"This coupon already used !","Ин купон аллакай истифода шудааст!"
"This invoice {0} cannot be deleted","Ҳисобномаи {0}-ро нест кардан мумкин нест"
"This is an item template. Please choose a variant.","Ин шаблони мол аст. Лутфан як вариантро интихоб кунед."
"Tip: Clear cache regularly to free up space and keep the app fast.","Маслиҳат: Кешро мунтазам тоза кунед, то барнома зуд кор кунад."
"Toggle navigation drawer","Гузариши панели пайвандҳо"
"Total Change","Ҳамагӣ бақия"
"Total Invoices","Ҳамагӣ ҳисобномаҳо"
"Total Invoices:","Ҳамагӣ ҳисобномаҳо:"
"Total Mpesa:","Ҳамагӣ Mpesa:"
"Total Payments:","Ҳамагӣ пардохтҳо:"
"Total Selected :","Ҳамагӣ интихобшуда :"
"Total Size","Андозаи умумӣ"
"Total number of digits used for the item code in the barcode.","Миқдори умумии рақамҳои рамзи мол дар штрих-код."
"Totals by Invoice Currency","Ҷамъбаст аз рӯи асъори ҳисобнома"
"Track how much cash was handed back to customers","Пайгирии маблағе, ки ба муштариён баргардонида шуд"
"Trans Amount","Маблағи транзаксия"
"Trans Amount is required","Маблағи транзаксия ҳатмист"
"Trans ID","ID-и транзаксия"
"Trans Time","Вақти транзаксия"
"Try adjusting your search or filters","Кӯшиш кунед ҷустуҷӯ ё филтрҳоро танзим кунед"
"UOM not found","Воҳиди ченкунӣ ёфт нашуд"
"Unable to access camera even with basic settings. Please check your camera permissions and device compatibility.","Unable to access camera even with basic settings. Please check your camera permissions and device compatibility."
"Unable to add offer item {0}. Please refresh and try again.","Илова кардани моли пешниҳодии {0} имконнопазир аст. Нав кунед."
"Unable to add offer item. Please refresh and try again.","Илова кардани моли пешниҳодӣ имконнопазир аст. Нав кунед."
"Unable to add scanned item.","Моли сканершударо илова кардан нашуд."
"Unable to cancel Journal Entry {0} linked to this invoice. Please cancel it manually and try again.","Unable to cancel Journal Entry {0} linked to this invoice. Please cancel it manually and try again."
"Unable to create Journal Entry for customer credit.","Сохтани Journal Entry барои кредити муштарӣ имконнопазир аст."
"Unable to determine cash account for change payment entry.","Суратҳисоби нақдӣ барои сабти бақия муайян нашуд."
"Unable to determine customer receivable account for change payment entry.","Суратҳисоби муштарӣ барои сабти бақия муайян нашуд."
"Unable to fetch M-Pesa payments","Гирифтани пардохтҳои M-Pesa имконнопазир аст"
"Unable to fetch draft invoices","Гирифтани ҳисобномаҳои сиёҳнавис имконнопазир аст"
"Unable to fetch draft orders","Гирифтани фармоишҳои сиёҳнавис имконнопазир аст"
"Unable to fetch sales orders","Гирифтани фармоишҳои фурӯш имконнопазир аст"
"Unable to find exchange rate for {0} to {1}. Please create a Currency Exchange record manually","Unable to find exchange rate for {0} to {1}. Please create a Currency Exchange record manually"
"Unable to load Credit Note {0}: {1}","Боркунии кредит-нотаи {0} имконнопазир аст: {1}"
"Unable to load Payment Entry {0}: {1}","Боркунии сабти пардохти {0} имконнопазир аст: {1}"
"Unable to load the selected sales order","Боркунии фармоиши фурӯши интихобшуда имконнопазир аст"
"Unable to print draft invoice","Чопи ҳисобномаи сиёҳнавис имконнопазир аст"
"Unable to resolve POS Opening Shift.","Ҳал кардани ифтитоҳи басти POS имконнопазир аст."
"Unable to submit the selected payment","Фиристодани пардохти интихобшуда имконнопазир аст"
"Unallocated","Тақсимнашуда"
"Unknown error","Хатои номаълум"
"Unknown error during background submission","Хатои номаълум ҳангоми фиристодан дар замина"
"Update Customer","Навсозии муштарӣ"
"Updating...","Навсозӣ..."
"Upload pending transactions","Боргузории транзаксияҳои интизорӣ"
"Usage","Истифодабарӣ"
"Use Browser Local Storage","Истифодаи Browser Local Storage"
"Use Cashback","Истифодаи кешбек"
"Use Customer Credit","Истифодаи кредити муштарӣ"
"Use Delivery Charges","Истифодаи хароҷоти интиқол"
"Use Limit Search","Истифодаи маҳдудияти ҷустуҷӯ"
"Use POS Awesome Payments","Истифодаи пардохтҳои POS Awesome"
"Use Percentage Discount","Истифодаи тахфифи фоизӣ"
"Use QTY Input","Истифодаи вуруди миқдор"
"Use Redis cache on the server to speedup initial loads of POS Awesome","Use Redis cache on the server to speedup initial loads of POS Awesome"
"Use Search Limit for Items","Истифодаи маҳдудияти ҷустуҷӯ барои молҳо"
"Use Server Cache","Истифодаи кеши сервер"
"Use Western numerals","Истифодаи рақамҳои ғарбӣ"
"Use date range to search for older invoices","Истифодаи давраи сана барои ҷустуҷӯи ҳисобномаҳои куҳна"
"User {} has been disabled. Please select valid user/cashier","Корбар {} ғайрифаъол шуд. Лутфан кассири эътиборнокро интихоб кунед."
"Using basic camera settings due to device limitations","Истифодаи танзимоти асосии камера аз сабаби маҳдудияти дастгоҳ"
"Using cached customer balance","Истифодаи баланси кешшудаи муштарӣ"
"Variance %","Фарқият %"
"Verify closing amounts for each payment method","Маблағи басташавиро барои ҳар як усули пардохт тасдиқ кунед"
"View notifications","Дидани огоҳиномаҳо"
"View offline invoices","Дидани ҳисобномаҳои офлайн"
"Waiting for payment...","Интизори пардохт..."
"Warning: High cache usage may affect performance.","Огоҳӣ: Истифодаи зиёди кеш метанад ба маҳсулнокӣ таъсир расонад."
"We'll let you know if an invoice fails to submit","Мо ба шумо хабар медиҳем, агар фиристодани ҳисобнома ноком шавад"
"Weight decimals","Даҳиҳои вазн"
"Weight digits","Рақамҳои вазн"
"Weight starting position","Мавқеи оғози вазн"
"Work without server connection","Кор бидуни пайвастшавӣ ба сервер"
"Yes, Cancel sale","Бале, фурӯш бекор карда шавад"
"Yes, Close","Бале, бастан"
"You are not allowed to print draft invoices","Ба шумо иҷозати чопи ҳисобномаҳои сиёҳнавис дода намешавад"
"You are trying to return more quantity for item {0} than was sold.","Шумо мехоҳед миқдори бештари моли {0}-ро нисбат ба фурӯхташуда баргардонед."
"You can redeem credit up to","Шумо метавонед кредитро то ин маблағ истифода баред"
"You can redeem up to","Шумо метавонед то ин маблағ истифода баред"
"You have no notifications right now","Шумо ҳоло ягон огоҳинома надоред"
"add","илова"
"cache used","кеш истифода шуд"
"days","рӯз"
"localStorage","localStorage"
"modified_after must be a valid ISO datetime","modified_after бояд формати ISO datetime дошта бошад"
"sales","фурӯш"
"this item","ин мол"
"{0} (Qty: {1})","{0} (Миқдор: {1})"
"{0} has only {1} in stock. You requested {2}. Adjust quantity or restock.","{0} дар анбор танҳо {1} дорад. Шумо {2} дархост кардед. Миқдорро танзим кунед."
"{0} offline invoice{1} pending","{0} ҳисобномаи офлайнии {1} интизор аст"
"{0} offline invoice{1} saved as draft","{0} ҳисобномаи офлайнии {1} ҳамчун сиёҳнавис захира шуд"
"{0} offline invoice{1} synced","{0} ҳисобномаи офлайнии {1} ҳамоҳанг шуд"
"{0} payment(s) were skipped.","{0} пардохт(ҳо) гузаронида шуданд."
"{0} {1} must be submitted before creating change payment entries.","{0} {1} бояд пеш аз сохтани сабти бақия фиристода шавад."
"{0}: requested quantity exceeds available stock. Negative stock is allowed—proceed carefully.","{0}: миқдори дархостшуда аз анбор зиёд аст. Бақияи манфӣ иҷозат дода мешавад."
